Timestamp,Bank,Kurs Beli,Kurs Jual
2025-06-10 09:24:49,BANK INDEX,16.105,16.295
2025-06-10 09:24:49,BCA,16.265,16.285
2025-06-10 09:24:49,BCCBI,16.145,16.395
2025-06-10 09:24:49,BI,16.1956,16.3584
2025-06-10 09:24:49,BJB,16.125,16.425
2025-06-10 09:24:49,BNI,16.125,16.475
2025-06-10 09:24:49,BRI,16.130,16.430
2025-06-10 09:24:49,CAPITAL,16.240,16.340
2025-06-10 09:24:49,CIMB,16.267,16.292
2025-06-10 09:24:49,DANAMON,16.135,16.435
2025-06-10 09:24:49,DBS,16.105,16.437
2025-06-10 09:24:49,GANESHA,16.165,16.355
2025-06-10 09:24:49,HSBC,16.060,16.510
2025-06-10 09:24:49,JTRUST,16.230,16.320
2025-06-10 09:24:49,MANDIRI,16.265,16.295
2025-06-10 09:24:49,MASPION,16.063,16.457
2025-06-10 09:24:49,MAYBANK,16.2664,16.3018
2025-06-10 09:24:49,MEGA,16.060,16.540
2025-06-10 09:24:49,MESTIKA,16.245,16.295
2025-06-10 09:24:49,MNC,16.250,16.350
2025-06-10 09:24:49,NOBU,16.238,16.338
2025-06-10 09:24:49,OCBC,16.123,16.423
2025-06-10 09:24:49,PERDANIA,16.040,16.540
2025-06-10 09:24:49,SBII,16.145,16.480
2025-06-10 09:24:49,SHINHAN,16.204,16.368
2025-06-10 09:24:49,SINARMAS,16.250,16.320
2025-06-10 09:24:49,SMBC,15.890,16.490
2025-06-10 09:24:49,UOB,15.989,16.494
2025-06-10 09:24:49,VICTORIA,16.220,16.325
2025-06-10 09:24:49,WOORISAUDARA,16.170,16.370
2025-06-10 09:29:50,BANK INDEX,16.105,16.295
2025-06-10 09:29:50,BCA,16.265,16.285
2025-06-10 09:29:50,BCCBI,16.145,16.395
2025-06-10 09:29:50,BI,16.1956,16.3584
2025-06-10 09:29:50,BJB,16.125,16.425
2025-06-10 09:29:50,BNI,16.125,16.475
2025-06-10 09:29:50,BRI,16.130,16.430
2025-06-10 09:29:50,CAPITAL,16.240,16.340
2025-06-10 09:29:50,CIMB,16.267,16.292
2025-06-10 09:29:50,DANAMON,16.135,16.435
2025-06-10 09:29:50,DBS,16.105,16.437
2025-06-10 09:29:50,GANESHA,16.165,16.355
2025-06-10 09:29:50,HSBC,16.060,16.510
2025-06-10 09:29:50,JTRUST,16.230,16.320
2025-06-10 09:29:50,MANDIRI,16.265,16.295
2025-06-10 09:29:50,MASPION,16.063,16.457
2025-06-10 09:29:50,MAYBANK,16.2664,16.3018
2025-06-10 09:29:50,MEGA,16.060,16.540
2025-06-10 09:29:50,MESTIKA,16.245,16.295
2025-06-10 09:29:50,MNC,16.250,16.350
2025-06-10 09:29:50,NOBU,16.238,16.338
2025-06-10 09:29:50,OCBC,16.123,16.423
2025-06-10 09:29:50,PERDANIA,16.040,16.540
2025-06-10 09:29:50,SBII,16.145,16.480
2025-06-10 09:29:50,SHINHAN,16.204,16.368
2025-06-10 09:29:50,SINARMAS,16.250,16.320
2025-06-10 09:29:50,SMBC,15.890,16.490
2025-06-10 09:29:50,UOB,15.989,16.494
2025-06-10 09:29:50,VICTORIA,16.220,16.325
2025-06-10 09:29:50,WOORISAUDARA,16.170,16.370
2025-06-10 09:34:51,BANK INDEX,16.105,16.295
2025-06-10 09:34:51,BCA,16.275,16.295
2025-06-10 09:34:51,BCCBI,16.145,16.395
2025-06-10 09:34:51,BI,16.1956,16.3584
2025-06-10 09:34:51,BJB,16.125,16.425
2025-06-10 09:34:51,BNI,16.125,16.475
2025-06-10 09:34:51,BRI,16.170,16.370
2025-06-10 09:34:51,CAPITAL,16.240,16.340
2025-06-10 09:34:51,CIMB,16.267,16.292
2025-06-10 09:34:51,DANAMON,16.135,16.435
2025-06-10 09:34:51,DBS,16.105,16.437
2025-06-10 09:34:51,GANESHA,16.165,16.355
2025-06-10 09:34:51,HSBC,16.060,16.510
2025-06-10 09:34:51,JTRUST,16.230,16.320
2025-06-10 09:34:51,MANDIRI,16.270,16.300
2025-06-10 09:34:51,MASPION,16.063,16.457
2025-06-10 09:34:51,MAYBANK,16.2664,16.3018
2025-06-10 09:34:51,MEGA,16.060,16.540
2025-06-10 09:34:51,MESTIKA,16.245,16.295
2025-06-10 09:34:51,MNC,16.250,16.350
2025-06-10 09:34:51,NOBU,16.238,16.338
2025-06-10 09:34:51,OCBC,16.123,16.380
2025-06-10 09:34:51,PERDANIA,16.040,16.540
2025-06-10 09:34:51,SBII,16.145,16.480
2025-06-10 09:34:51,SHINHAN,16.214,16.378
2025-06-10 09:34:51,SINARMAS,16.250,16.320
2025-06-10 09:34:51,SMBC,15.890,16.490
2025-06-10 09:34:51,UOB,15.989,16.494
2025-06-10 09:34:51,VICTORIA,16.220,16.325
2025-06-10 09:34:51,WOORISAUDARA,16.170,16.370
2025-06-10 19:53:50,BANK INDEX,16.105,16.295
2025-06-10 19:53:50,BANK JATIM,16.240,16.390
2025-06-10 19:53:50,BCA,16.255,16.285
2025-06-10 19:53:50,BCCBI,16.145,16.395
2025-06-10 19:53:50,BI,16.1956,16.3584
2025-06-10 19:53:50,BJB,16.135,16.435
2025-06-10 19:53:50,BNI,16.165,16.415
2025-06-10 19:53:50,BRI,16.120,16.420
2025-06-10 19:53:50,CAPITAL,16.240,16.340
2025-06-10 19:53:50,CIMB,16.267,16.292
2025-06-10 19:53:50,DANAMON,16.140,16.440
2025-06-10 19:53:50,DBS,16.110,16.442
2025-06-10 19:53:50,GANESHA,16.185,16.365
2025-06-10 19:53:50,HSBC,16.075,16.525
2025-06-10 19:53:50,JTRUST,16.230,16.320
2025-06-10 19:53:50,MANDIRI,16.270,16.300
2025-06-10 19:53:50,MASPION,16.083,16.477
2025-06-10 19:53:50,MAYBANK,16.2584,16.2988
2025-06-10 19:53:50,MEGA,16.046,16.526
2025-06-10 19:53:50,MESTIKA,16.250,16.300
2025-06-10 19:53:50,MNC,16.200,16.350
2025-06-10 19:53:50,NOBU,16.233,16.333
2025-06-10 19:53:50,OCBC,16.127,16.384
2025-06-10 19:53:50,PERDANIA,16.040,16.540
2025-06-10 19:53:50,SBII,16.145,16.480
2025-06-10 19:53:50,SHINHAN,16.204,16.368
2025-06-10 19:53:50,SINARMAS,16.265,16.315
2025-06-10 19:53:50,SMBC,15.890,16.490
2025-06-10 19:53:50,UOB,15.979,16.484
2025-06-10 19:53:50,VICTORIA,16.220,16.325
2025-06-10 19:53:50,WOORISAUDARA,16.170,16.370
2025-06-10 19:58:51,BANK INDEX,16.105,16.295
2025-06-10 19:58:51,BANK JATIM,16.240,16.390
2025-06-10 19:58:51,BCA,16.255,16.285
2025-06-10 19:58:51,BCCBI,16.145,16.395
2025-06-10 19:58:51,BI,16.1956,16.3584
2025-06-10 19:58:51,BJB,16.135,16.435
2025-06-10 19:58:51,BNI,16.165,16.415
2025-06-10 19:58:51,BRI,16.120,16.420
2025-06-10 19:58:51,CAPITAL,16.240,16.340
2025-06-10 19:58:51,CIMB,16.267,16.292
2025-06-10 19:58:51,DANAMON,16.140,16.440
2025-06-10 19:58:51,DBS,16.110,16.442
2025-06-10 19:58:51,GANESHA,16.185,16.365
2025-06-10 19:58:51,HSBC,16.075,16.525
2025-06-10 19:58:51,JTRUST,16.230,16.320
2025-06-10 19:58:51,MANDIRI,16.270,16.300
2025-06-10 19:58:51,MASPION,16.083,16.477
2025-06-10 19:58:51,MAYBANK,16.2584,16.2988
2025-06-10 19:58:51,MEGA,16.046,16.526
2025-06-10 19:58:51,MESTIKA,16.250,16.300
2025-06-10 19:58:51,MNC,16.200,16.350
2025-06-10 19:58:51,NOBU,16.233,16.333
2025-06-10 19:58:51,OCBC,16.127,16.384
2025-06-10 19:58:51,PERDANIA,16.040,16.540
2025-06-10 19:58:51,SBII,16.145,16.480
2025-06-10 19:58:51,SHINHAN,16.204,16.368
2025-06-10 19:58:51,SINARMAS,16.265,16.315
2025-06-10 19:58:51,SMBC,15.890,16.490
2025-06-10 19:58:51,UOB,15.979,16.484
2025-06-10 19:58:51,VICTORIA,16.220,16.325
2025-06-10 19:58:51,WOORISAUDARA,16.170,16.370
2025-06-10 20:03:52,BANK INDEX,16.105,16.295
2025-06-10 20:03:52,BANK JATIM,16.240,16.390
2025-06-10 20:03:52,BCA,16.255,16.285
2025-06-10 20:03:52,BCCBI,16.145,16.395
2025-06-10 20:03:52,BI,16.1956,16.3584
2025-06-10 20:03:52,BJB,16.135,16.435
2025-06-10 20:03:52,BNI,16.165,16.415
2025-06-10 20:03:52,BRI,16.120,16.420
2025-06-10 20:03:52,CAPITAL,16.240,16.340
2025-06-10 20:03:52,CIMB,16.267,16.292
2025-06-10 20:03:52,DANAMON,16.140,16.440
2025-06-10 20:03:52,DBS,16.110,16.442
2025-06-10 20:03:52,GANESHA,16.185,16.365
2025-06-10 20:03:52,HSBC,16.075,16.525
2025-06-10 20:03:52,JTRUST,16.230,16.320
2025-06-10 20:03:52,MANDIRI,16.270,16.300
2025-06-10 20:03:52,MASPION,16.083,16.477
2025-06-10 20:03:52,MAYBANK,16.2584,16.2988
2025-06-10 20:03:52,MEGA,16.046,16.526
2025-06-10 20:03:52,MESTIKA,16.250,16.300
2025-06-10 20:03:52,MNC,16.200,16.350
2025-06-10 20:03:52,NOBU,16.233,16.333
2025-06-10 20:03:52,OCBC,16.127,16.384
2025-06-10 20:03:52,PERDANIA,16.040,16.540
2025-06-10 20:03:52,SBII,16.145,16.480
2025-06-10 20:03:52,SHINHAN,16.204,16.368
2025-06-10 20:03:52,SINARMAS,16.265,16.315
2025-06-10 20:03:52,SMBC,15.890,16.490
2025-06-10 20:03:52,UOB,15.979,16.484
2025-06-10 20:03:52,VICTORIA,16.220,16.325
2025-06-10 20:03:52,WOORISAUDARA,16.170,16.370
2025-06-10 20:08:53,BANK INDEX,16.105,16.295
2025-06-10 20:08:53,BANK JATIM,16.240,16.390
2025-06-10 20:08:53,BCA,16.255,16.285
2025-06-10 20:08:53,BCCBI,16.145,16.395
2025-06-10 20:08:53,BI,16.1956,16.3584
2025-06-10 20:08:53,BJB,16.135,16.435
2025-06-10 20:08:53,BNI,16.165,16.415
2025-06-10 20:08:53,BRI,16.120,16.420
2025-06-10 20:08:53,CAPITAL,16.240,16.340
2025-06-10 20:08:53,CIMB,16.267,16.292
2025-06-10 20:08:53,DANAMON,16.140,16.440
2025-06-10 20:08:53,DBS,16.110,16.442
2025-06-10 20:08:53,GANESHA,16.185,16.365
2025-06-10 20:08:53,HSBC,16.075,16.525
2025-06-10 20:08:53,JTRUST,16.230,16.320
2025-06-10 20:08:53,MANDIRI,16.270,16.300
2025-06-10 20:08:53,MASPION,16.083,16.477
2025-06-10 20:08:53,MAYBANK,16.2584,16.2988
2025-06-10 20:08:53,MEGA,16.046,16.526
2025-06-10 20:08:53,MESTIKA,16.250,16.300
2025-06-10 20:08:53,MNC,16.200,16.350
2025-06-10 20:08:53,NOBU,16.233,16.333
2025-06-10 20:08:53,OCBC,16.127,16.384
2025-06-10 20:08:53,PERDANIA,16.040,16.540
2025-06-10 20:08:53,SBII,16.145,16.480
2025-06-10 20:08:53,SHINHAN,16.204,16.368
2025-06-10 20:08:53,SINARMAS,16.265,16.315
2025-06-10 20:08:53,SMBC,15.890,16.490
2025-06-10 20:08:53,UOB,15.979,16.484
2025-06-10 20:08:53,VICTORIA,16.220,16.325
2025-06-10 20:08:53,WOORISAUDARA,16.170,16.370
2025-06-10 20:13:53,BANK INDEX,16.105,16.295
2025-06-10 20:13:53,BANK JATIM,16.240,16.390
2025-06-10 20:13:53,BCA,16.255,16.285
2025-06-10 20:13:53,BCCBI,16.145,16.395
2025-06-10 20:13:53,BI,16.1956,16.3584
2025-06-10 20:13:53,BJB,16.135,16.435
2025-06-10 20:13:53,BNI,16.165,16.415
2025-06-10 20:13:53,BRI,16.120,16.420
2025-06-10 20:13:53,CAPITAL,16.240,16.340
2025-06-10 20:13:53,CIMB,16.267,16.292
2025-06-10 20:13:53,DANAMON,16.140,16.440
2025-06-10 20:13:53,DBS,16.110,16.442
2025-06-10 20:13:53,GANESHA,16.185,16.365
2025-06-10 20:13:53,HSBC,16.075,16.525
2025-06-10 20:13:53,JTRUST,16.230,16.320
2025-06-10 20:13:53,MANDIRI,16.270,16.300
2025-06-10 20:13:53,MASPION,16.083,16.477
2025-06-10 20:13:53,MAYBANK,16.2584,16.2988
2025-06-10 20:13:53,MEGA,16.046,16.526
2025-06-10 20:13:53,MESTIKA,16.250,16.300
2025-06-10 20:13:53,MNC,16.200,16.350
2025-06-10 20:13:53,NOBU,16.233,16.333
2025-06-10 20:13:53,OCBC,16.127,16.384
2025-06-10 20:13:53,PERDANIA,16.040,16.540
2025-06-10 20:13:53,SBII,16.145,16.480
2025-06-10 20:13:53,SHINHAN,16.204,16.368
2025-06-10 20:13:53,SINARMAS,16.265,16.315
2025-06-10 20:13:53,SMBC,15.890,16.490
2025-06-10 20:13:53,UOB,15.979,16.484
2025-06-10 20:13:53,VICTORIA,16.220,16.325
2025-06-10 20:13:53,WOORISAUDARA,16.170,16.370
2025-06-10 20:18:54,BANK INDEX,16.105,16.295
2025-06-10 20:18:54,BANK JATIM,16.240,16.390
2025-06-10 20:18:54,BCA,16.255,16.285
2025-06-10 20:18:54,BCCBI,16.145,16.395
2025-06-10 20:18:54,BI,16.1956,16.3584
2025-06-10 20:18:54,BJB,16.135,16.435
2025-06-10 20:18:54,BNI,16.165,16.415
2025-06-10 20:18:54,BRI,16.120,16.420
2025-06-10 20:18:54,CAPITAL,16.240,16.340
2025-06-10 20:18:54,CIMB,16.267,16.292
2025-06-10 20:18:54,DANAMON,16.140,16.440
2025-06-10 20:18:54,DBS,16.110,16.442
2025-06-10 20:18:54,GANESHA,16.185,16.365
2025-06-10 20:18:54,HSBC,16.075,16.525
2025-06-10 20:18:54,JTRUST,16.230,16.320
2025-06-10 20:18:54,MANDIRI,16.270,16.300
2025-06-10 20:18:54,MASPION,16.083,16.477
2025-06-10 20:18:54,MAYBANK,16.2584,16.2988
2025-06-10 20:18:54,MEGA,16.046,16.526
2025-06-10 20:18:54,MESTIKA,16.250,16.300
2025-06-10 20:18:54,MNC,16.200,16.350
2025-06-10 20:18:54,NOBU,16.233,16.333
2025-06-10 20:18:54,OCBC,16.127,16.384
2025-06-10 20:18:54,PERDANIA,16.040,16.540
2025-06-10 20:18:54,SBII,16.145,16.480
2025-06-10 20:18:54,SHINHAN,16.204,16.368
2025-06-10 20:18:54,SINARMAS,16.265,16.315
2025-06-10 20:18:54,SMBC,15.890,16.490
2025-06-10 20:18:54,UOB,15.979,16.484
2025-06-10 20:18:54,VICTORIA,16.220,16.325
2025-06-10 20:18:54,WOORISAUDARA,16.170,16.370
2025-06-10 20:24:32,BANK INDEX,16.105,16.295
2025-06-10 20:24:32,BANK JATIM,16.240,16.390
2025-06-10 20:24:32,BCA,16.255,16.285
2025-06-10 20:24:32,BCCBI,16.145,16.395
2025-06-10 20:24:32,BI,16.1956,16.3584
2025-06-10 20:24:32,BJB,16.135,16.435
2025-06-10 20:24:32,BNI,16.165,16.415
2025-06-10 20:24:32,BRI,16.120,16.420
2025-06-10 20:24:32,CAPITAL,16.240,16.340
2025-06-10 20:24:32,CIMB,16.267,16.292
2025-06-10 20:24:32,DANAMON,16.140,16.440
2025-06-10 20:24:32,DBS,16.110,16.442
2025-06-10 20:24:32,GANESHA,16.185,16.365
2025-06-10 20:24:32,HSBC,16.075,16.525
2025-06-10 20:24:32,JTRUST,16.230,16.320
2025-06-10 20:24:32,MANDIRI,16.270,16.300
2025-06-10 20:24:32,MASPION,16.083,16.477
2025-06-10 20:24:32,MAYBANK,16.2584,16.2988
2025-06-10 20:24:32,MEGA,16.046,16.526
2025-06-10 20:24:32,MESTIKA,16.250,16.300
2025-06-10 20:24:32,MNC,16.200,16.350
2025-06-10 20:24:32,NOBU,16.233,16.333
2025-06-10 20:24:32,OCBC,16.127,16.384
2025-06-10 20:24:32,PERDANIA,16.040,16.540
2025-06-10 20:24:32,SBII,16.145,16.480
2025-06-10 20:24:32,SHINHAN,16.204,16.368
2025-06-10 20:24:32,SINARMAS,16.265,16.315
2025-06-10 20:24:32,SMBC,15.890,16.490
2025-06-10 20:24:32,UOB,15.979,16.484
2025-06-10 20:24:32,VICTORIA,16.220,16.325
2025-06-10 20:24:32,WOORISAUDARA,16.170,16.370
2025-06-10 20:29:32,BANK INDEX,16.105,16.295
2025-06-10 20:29:32,BANK JATIM,16.240,16.390
2025-06-10 20:29:32,BCA,16.255,16.285
2025-06-10 20:29:32,BCCBI,16.145,16.395
2025-06-10 20:29:32,BI,16.1956,16.3584
2025-06-10 20:29:32,BJB,16.135,16.435
2025-06-10 20:29:32,BNI,16.165,16.415
2025-06-10 20:29:32,BRI,16.120,16.420
2025-06-10 20:29:32,CAPITAL,16.240,16.340
2025-06-10 20:29:32,CIMB,16.267,16.292
2025-06-10 20:29:32,DANAMON,16.140,16.440
2025-06-10 20:29:32,DBS,16.110,16.442
2025-06-10 20:29:32,GANESHA,16.185,16.365
2025-06-10 20:29:32,HSBC,16.075,16.525
2025-06-10 20:29:32,JTRUST,16.230,16.320
2025-06-10 20:29:32,MANDIRI,16.270,16.300
2025-06-10 20:29:32,MASPION,16.083,16.477
2025-06-10 20:29:32,MAYBANK,16.2584,16.2988
2025-06-10 20:29:32,MEGA,16.046,16.526
2025-06-10 20:29:32,MESTIKA,16.250,16.300
2025-06-10 20:29:32,MNC,16.200,16.350
2025-06-10 20:29:32,NOBU,16.233,16.333
2025-06-10 20:29:32,OCBC,16.127,16.384
2025-06-10 20:29:32,PERDANIA,16.040,16.540
2025-06-10 20:29:32,SBII,16.145,16.480
2025-06-10 20:29:32,SHINHAN,16.204,16.368
2025-06-10 20:29:32,SINARMAS,16.265,16.315
2025-06-10 20:29:32,SMBC,15.890,16.490
2025-06-10 20:29:32,UOB,15.979,16.484
2025-06-10 20:29:32,VICTORIA,16.220,16.325
2025-06-10 20:29:32,WOORISAUDARA,16.170,16.370
2025-06-10 20:34:32,BANK INDEX,16.105,16.295
2025-06-10 20:34:32,BANK JATIM,16.240,16.390
2025-06-10 20:34:32,BCA,16.255,16.285
2025-06-10 20:34:32,BCCBI,16.145,16.395
2025-06-10 20:34:32,BI,16.1956,16.3584
2025-06-10 20:34:32,BJB,16.135,16.435
2025-06-10 20:34:32,BNI,16.165,16.415
2025-06-10 20:34:32,BRI,16.120,16.420
2025-06-10 20:34:32,CAPITAL,16.240,16.340
2025-06-10 20:34:32,CIMB,16.267,16.292
2025-06-10 20:34:32,DANAMON,16.140,16.440
2025-06-10 20:34:32,DBS,16.110,16.442
2025-06-10 20:34:32,GANESHA,16.185,16.365
2025-06-10 20:34:32,HSBC,16.075,16.525
2025-06-10 20:34:32,JTRUST,16.230,16.320
2025-06-10 20:34:32,MANDIRI,16.270,16.300
2025-06-10 20:34:32,MASPION,16.083,16.477
2025-06-10 20:34:32,MAYBANK,16.2584,16.2988
2025-06-10 20:34:32,MEGA,16.046,16.526
2025-06-10 20:34:32,MESTIKA,16.250,16.300
2025-06-10 20:34:32,MNC,16.200,16.350
2025-06-10 20:34:32,NOBU,16.233,16.333
2025-06-10 20:34:32,OCBC,16.127,16.384
2025-06-10 20:34:32,PERDANIA,16.040,16.540
2025-06-10 20:34:32,SBII,16.145,16.480
2025-06-10 20:34:32,SHINHAN,16.204,16.368
2025-06-10 20:34:32,SINARMAS,16.265,16.315
2025-06-10 20:34:32,SMBC,15.890,16.490
2025-06-10 20:34:32,UOB,15.979,16.484
2025-06-10 20:34:32,VICTORIA,16.220,16.325
2025-06-10 20:34:32,WOORISAUDARA,16.170,16.370
2025-06-10 20:39:35,BANK INDEX,16.105,16.295
2025-06-10 20:39:35,BANK JATIM,16.240,16.390
2025-06-10 20:39:35,BCA,16.255,16.285
2025-06-10 20:39:35,BCCBI,16.145,16.395
2025-06-10 20:39:35,BI,16.1956,16.3584
2025-06-10 20:39:35,BJB,16.135,16.435
2025-06-10 20:39:35,BNI,16.165,16.415
2025-06-10 20:39:35,BRI,16.120,16.420
2025-06-10 20:39:35,CAPITAL,16.240,16.340
2025-06-10 20:39:35,CIMB,16.267,16.292
2025-06-10 20:39:35,DANAMON,16.140,16.440
2025-06-10 20:39:35,DBS,16.110,16.442
2025-06-10 20:39:35,GANESHA,16.185,16.365
2025-06-10 20:39:35,HSBC,16.075,16.525
2025-06-10 20:39:35,JTRUST,16.230,16.320
2025-06-10 20:39:35,MANDIRI,16.270,16.300
2025-06-10 20:39:35,MASPION,16.083,16.477
2025-06-10 20:39:35,MAYBANK,16.2584,16.2988
2025-06-10 20:39:35,MEGA,16.046,16.526
2025-06-10 20:39:35,MESTIKA,16.250,16.300
2025-06-10 20:39:35,MNC,16.200,16.350
2025-06-10 20:39:35,NOBU,16.233,16.333
2025-06-10 20:39:35,OCBC,16.127,16.384
2025-06-10 20:39:35,PERDANIA,16.040,16.540
2025-06-10 20:39:35,SBII,16.145,16.480
2025-06-10 20:39:35,SHINHAN,16.204,16.368
2025-06-10 20:39:35,SINARMAS,16.265,16.315
2025-06-10 20:39:35,SMBC,15.890,16.490
2025-06-10 20:39:35,UOB,15.979,16.484
2025-06-10 20:39:35,VICTORIA,16.220,16.325
2025-06-10 20:39:35,WOORISAUDARA,16.170,16.370
2025-06-10 20:44:36,BANK INDEX,16.105,16.295
2025-06-10 20:44:36,BANK JATIM,16.240,16.390
2025-06-10 20:44:36,BCA,16.255,16.285
2025-06-10 20:44:36,BCCBI,16.145,16.395
2025-06-10 20:44:36,BI,16.1956,16.3584
2025-06-10 20:44:36,BJB,16.135,16.435
2025-06-10 20:44:36,BNI,16.165,16.415
2025-06-10 20:44:36,BRI,16.120,16.420
2025-06-10 20:44:36,CAPITAL,16.240,16.340
2025-06-10 20:44:36,CIMB,16.267,16.292
2025-06-10 20:44:36,DANAMON,16.140,16.440
2025-06-10 20:44:36,DBS,16.110,16.442
2025-06-10 20:44:36,GANESHA,16.185,16.365
2025-06-10 20:44:36,HSBC,16.075,16.525
2025-06-10 20:44:36,JTRUST,16.230,16.320
2025-06-10 20:44:36,MANDIRI,16.270,16.300
2025-06-10 20:44:36,MASPION,16.083,16.477
2025-06-10 20:44:36,MAYBANK,16.2584,16.2988
2025-06-10 20:44:36,MEGA,16.046,16.526
2025-06-10 20:44:36,MESTIKA,16.250,16.300
2025-06-10 20:44:36,MNC,16.200,16.350
2025-06-10 20:44:36,NOBU,16.233,16.333
2025-06-10 20:44:36,OCBC,16.127,16.384
2025-06-10 20:44:36,PERDANIA,16.040,16.540
2025-06-10 20:44:36,SBII,16.145,16.480
2025-06-10 20:44:36,SHINHAN,16.204,16.368
2025-06-10 20:44:36,SINARMAS,16.265,16.315
2025-06-10 20:44:36,SMBC,15.890,16.490
2025-06-10 20:44:36,UOB,15.979,16.484
2025-06-10 20:44:36,VICTORIA,16.220,16.325
2025-06-10 20:44:36,WOORISAUDARA,16.170,16.370
2025-06-10 20:49:36,BANK INDEX,16.105,16.295
2025-06-10 20:49:36,BANK JATIM,16.240,16.390
2025-06-10 20:49:36,BCA,16.255,16.285
2025-06-10 20:49:36,BCCBI,16.145,16.395
2025-06-10 20:49:36,BI,16.1956,16.3584
2025-06-10 20:49:36,BJB,16.135,16.435
2025-06-10 20:49:36,BNI,16.165,16.415
2025-06-10 20:49:36,BRI,16.120,16.420
2025-06-10 20:49:36,CAPITAL,16.240,16.340
2025-06-10 20:49:36,CIMB,16.267,16.292
2025-06-10 20:49:36,DANAMON,16.140,16.440
2025-06-10 20:49:36,DBS,16.110,16.442
2025-06-10 20:49:36,GANESHA,16.185,16.365
2025-06-10 20:49:36,HSBC,16.075,16.525
2025-06-10 20:49:36,JTRUST,16.230,16.320
2025-06-10 20:49:36,MANDIRI,16.270,16.300
2025-06-10 20:49:36,MASPION,16.083,16.477
2025-06-10 20:49:36,MAYBANK,16.2584,16.2988
2025-06-10 20:49:36,MEGA,16.046,16.526
2025-06-10 20:49:36,MESTIKA,16.250,16.300
2025-06-10 20:49:36,MNC,16.200,16.350
2025-06-10 20:49:36,NOBU,16.233,16.333
2025-06-10 20:49:36,OCBC,16.127,16.384
2025-06-10 20:49:36,PERDANIA,16.040,16.540
2025-06-10 20:49:36,SBII,16.145,16.480
2025-06-10 20:49:36,SHINHAN,16.204,16.368
2025-06-10 20:49:36,SINARMAS,16.265,16.315
2025-06-10 20:49:36,SMBC,15.890,16.490
2025-06-10 20:49:36,UOB,15.979,16.484
2025-06-10 20:49:36,VICTORIA,16.220,16.325
2025-06-10 20:49:36,WOORISAUDARA,16.170,16.370
2025-06-10 20:54:37,BANK INDEX,16.105,16.295
2025-06-10 20:54:37,BANK JATIM,16.240,16.390
2025-06-10 20:54:37,BCA,16.255,16.285
2025-06-10 20:54:37,BCCBI,16.145,16.395
2025-06-10 20:54:37,BI,16.1956,16.3584
2025-06-10 20:54:37,BJB,16.135,16.435
2025-06-10 20:54:37,BNI,16.165,16.415
2025-06-10 20:54:37,BRI,16.120,16.420
2025-06-10 20:54:37,CAPITAL,16.240,16.340
2025-06-10 20:54:37,CIMB,16.267,16.292
2025-06-10 20:54:37,DANAMON,16.140,16.440
2025-06-10 20:54:37,DBS,16.110,16.442
2025-06-10 20:54:37,GANESHA,16.185,16.365
2025-06-10 20:54:37,HSBC,16.075,16.525
2025-06-10 20:54:37,JTRUST,16.230,16.320
2025-06-10 20:54:37,MANDIRI,16.270,16.300
2025-06-10 20:54:37,MASPION,16.083,16.477
2025-06-10 20:54:37,MAYBANK,16.2584,16.2988
2025-06-10 20:54:37,MEGA,16.046,16.526
2025-06-10 20:54:37,MESTIKA,16.250,16.300
2025-06-10 20:54:37,MNC,16.200,16.350
2025-06-10 20:54:37,NOBU,16.233,16.333
2025-06-10 20:54:37,OCBC,16.127,16.384
2025-06-10 20:54:37,PERDANIA,16.040,16.540
2025-06-10 20:54:37,SBII,16.145,16.480
2025-06-10 20:54:37,SHINHAN,16.204,16.368
2025-06-10 20:54:37,SINARMAS,16.265,16.315
2025-06-10 20:54:37,SMBC,15.890,16.490
2025-06-10 20:54:37,UOB,15.979,16.484
2025-06-10 20:54:37,VICTORIA,16.220,16.325
2025-06-10 20:54:37,WOORISAUDARA,16.170,16.370
2025-06-10 20:59:39,BANK INDEX,16.105,16.295
2025-06-10 20:59:39,BANK JATIM,16.240,16.390
2025-06-10 20:59:39,BCA,16.255,16.285
2025-06-10 20:59:39,BCCBI,16.145,16.395
2025-06-10 20:59:39,BI,16.1956,16.3584
2025-06-10 20:59:39,BJB,16.135,16.435
2025-06-10 20:59:39,BNI,16.165,16.415
2025-06-10 20:59:39,BRI,16.120,16.420
2025-06-10 20:59:39,CAPITAL,16.240,16.340
2025-06-10 20:59:39,CIMB,16.267,16.292
2025-06-10 20:59:39,DANAMON,16.140,16.440
2025-06-10 20:59:39,DBS,16.110,16.442
2025-06-10 20:59:39,GANESHA,16.185,16.365
2025-06-10 20:59:39,HSBC,16.075,16.525
2025-06-10 20:59:39,JTRUST,16.230,16.320
2025-06-10 20:59:39,MANDIRI,16.270,16.300
2025-06-10 20:59:39,MASPION,16.083,16.477
2025-06-10 20:59:39,MAYBANK,16.2584,16.2988
2025-06-10 20:59:39,MEGA,16.046,16.526
2025-06-10 20:59:39,MESTIKA,16.250,16.300
2025-06-10 20:59:39,MNC,16.200,16.350
2025-06-10 20:59:39,NOBU,16.233,16.333
2025-06-10 20:59:39,OCBC,16.127,16.384
2025-06-10 20:59:39,PERDANIA,16.040,16.540
2025-06-10 20:59:39,SBII,16.145,16.480
2025-06-10 20:59:39,SHINHAN,16.204,16.368
2025-06-10 20:59:39,SINARMAS,16.265,16.315
2025-06-10 20:59:39,SMBC,15.890,16.490
2025-06-10 20:59:39,UOB,15.979,16.484
2025-06-10 20:59:39,VICTORIA,16.220,16.325
2025-06-10 20:59:39,WOORISAUDARA,16.170,16.370
2025-06-14 20:07:39,BANK INDEX,16.095,16.285
2025-06-14 20:07:39,BANK JATIM,16.195,16.350
2025-06-14 20:07:39,BCA,16.270,16.330
2025-06-14 20:07:39,BCCBI,16.128,16.378
2025-06-14 20:07:39,BI,16.1558,16.3182
2025-06-14 20:07:39,BJB,16.120,16.420
2025-06-14 20:07:39,BNI,16.170,16.450
2025-06-14 20:07:39,BRI,16.150,16.450
2025-06-14 20:07:39,BTN,1636,1639
2025-06-14 20:07:39,CAPITAL,16.170,16.270
2025-06-14 20:07:39,CIMB,16.291,16.316
2025-06-14 20:07:39,DANAMON,16.205,16.405
2025-06-14 20:07:39,DBS,16.129,16.461
2025-06-14 20:07:39,GANESHA,16.195,16.375
2025-06-14 20:07:39,HSBC,16.060,16.510
2025-06-14 20:07:39,JTRUST,16.230,16.320
2025-06-14 20:07:39,MANDIRI,16.240,16.270
2025-06-14 20:07:39,MASPION,16.073,16.472
2025-06-14 20:07:39,MAYBANK,16.245,16.325
2025-06-14 20:07:39,MEGA,16.063,16.543
2025-06-14 20:07:39,MESTIKA,16.265,16.315
2025-06-14 20:07:39,MNC,16.150,16.300
2025-06-14 20:07:39,NOBU,16.255,16.355
2025-06-14 20:07:39,OCBC,16.148,16.405
2025-06-14 20:07:39,PERDANIA,16.040,16.540
2025-06-14 20:07:39,SBII,16.145,16.480
2025-06-14 20:07:39,SHINHAN,16.099,16.491
2025-06-14 20:07:39,SINARMAS,16.285,16.345
2025-06-14 20:07:39,SMBC,15.920,16.520
2025-06-14 20:07:39,UOB,15.940,16.443
2025-06-14 20:07:39,VICTORIA,16.200,16.310
2025-06-14 20:07:39,WOORISAUDARA,16.200,16.400
2025-06-14 20:12:39,BANK INDEX,16.095,16.285
2025-06-14 20:12:39,BANK JATIM,16.195,16.350
2025-06-14 20:12:39,BCA,16.270,16.330
2025-06-14 20:12:39,BCCBI,16.128,16.378
2025-06-14 20:12:39,BI,16.1558,16.3182
2025-06-14 20:12:39,BJB,16.120,16.420
2025-06-14 20:12:39,BNI,16.170,16.450
2025-06-14 20:12:39,BRI,16.150,16.450
2025-06-14 20:12:39,BTN,1636,1639
2025-06-14 20:12:39,CAPITAL,16.170,16.270
2025-06-14 20:12:39,CIMB,16.291,16.316
2025-06-14 20:12:39,DANAMON,16.205,16.405
2025-06-14 20:12:39,DBS,16.129,16.461
2025-06-14 20:12:39,GANESHA,16.195,16.375
2025-06-14 20:12:39,HSBC,16.060,16.510
2025-06-14 20:12:39,JTRUST,16.230,16.320
2025-06-14 20:12:39,MANDIRI,16.240,16.270
2025-06-14 20:12:39,MASPION,16.073,16.472
2025-06-14 20:12:39,MAYBANK,16.245,16.325
2025-06-14 20:12:39,MEGA,16.063,16.543
2025-06-14 20:12:39,MESTIKA,16.265,16.315
2025-06-14 20:12:39,MNC,16.150,16.300
2025-06-14 20:12:39,NOBU,16.255,16.355
2025-06-14 20:12:39,OCBC,16.148,16.405
2025-06-14 20:12:39,PERDANIA,16.040,16.540
2025-06-14 20:12:39,SBII,16.145,16.480
2025-06-14 20:12:39,SHINHAN,16.099,16.491
2025-06-14 20:12:39,SINARMAS,16.285,16.345
2025-06-14 20:12:39,SMBC,15.920,16.520
2025-06-14 20:12:39,UOB,15.940,16.443
2025-06-14 20:12:39,VICTORIA,16.200,16.310
2025-06-14 20:12:39,WOORISAUDARA,16.200,16.400
2025-06-14 20:17:40,BANK INDEX,16.095,16.285
2025-06-14 20:17:40,BANK JATIM,16.195,16.350
2025-06-14 20:17:40,BCA,16.270,16.330
2025-06-14 20:17:40,BCCBI,16.128,16.378
2025-06-14 20:17:40,BI,16.1558,16.3182
2025-06-14 20:17:40,BJB,16.120,16.420
2025-06-14 20:17:40,BNI,16.170,16.450
2025-06-14 20:17:40,BRI,16.150,16.450
2025-06-14 20:17:40,BTN,1636,1639
2025-06-14 20:17:40,CAPITAL,16.170,16.270
2025-06-14 20:17:40,CIMB,16.291,16.316
2025-06-14 20:17:40,DANAMON,16.205,16.405
2025-06-14 20:17:40,DBS,16.129,16.461
2025-06-14 20:17:40,GANESHA,16.195,16.375
2025-06-14 20:17:40,HSBC,16.060,16.510
2025-06-14 20:17:40,JTRUST,16.230,16.320
2025-06-14 20:17:40,MANDIRI,16.240,16.270
2025-06-14 20:17:40,MASPION,16.073,16.472
2025-06-14 20:17:40,MAYBANK,16.245,16.325
2025-06-14 20:17:40,MEGA,16.063,16.543
2025-06-14 20:17:40,MESTIKA,16.265,16.315
2025-06-14 20:17:40,MNC,16.150,16.300
2025-06-14 20:17:40,NOBU,16.255,16.355
2025-06-14 20:17:40,OCBC,16.148,16.405
2025-06-14 20:17:40,PERDANIA,16.040,16.540
2025-06-14 20:17:40,SBII,16.145,16.480
2025-06-14 20:17:40,SHINHAN,16.099,16.491
2025-06-14 20:17:40,SINARMAS,16.285,16.345
2025-06-14 20:17:40,SMBC,15.920,16.520
2025-06-14 20:17:40,UOB,15.940,16.443
2025-06-14 20:17:40,VICTORIA,16.200,16.310
2025-06-14 20:17:40,WOORISAUDARA,16.200,16.400
2025-06-14 20:22:41,BANK INDEX,16.095,16.285
2025-06-14 20:22:41,BANK JATIM,16.195,16.350
2025-06-14 20:22:41,BCA,16.270,16.330
2025-06-14 20:22:41,BCCBI,16.128,16.378
2025-06-14 20:22:41,BI,16.1558,16.3182
2025-06-14 20:22:41,BJB,16.120,16.420
2025-06-14 20:22:41,BNI,16.170,16.450
2025-06-14 20:22:41,BRI,16.150,16.450
2025-06-14 20:22:41,BTN,1636,1639
2025-06-14 20:22:41,CAPITAL,16.170,16.270
2025-06-14 20:22:41,CIMB,16.291,16.316
2025-06-14 20:22:41,DANAMON,16.205,16.405
2025-06-14 20:22:41,DBS,16.129,16.461
2025-06-14 20:22:41,GANESHA,16.195,16.375
2025-06-14 20:22:41,HSBC,16.060,16.510
2025-06-14 20:22:41,JTRUST,16.230,16.320
2025-06-14 20:22:41,MANDIRI,16.240,16.270
2025-06-14 20:22:41,MASPION,16.073,16.472
2025-06-14 20:22:41,MAYBANK,16.245,16.325
2025-06-14 20:22:41,MEGA,16.063,16.543
2025-06-14 20:22:41,MESTIKA,16.265,16.315
2025-06-14 20:22:41,MNC,16.150,16.300
2025-06-14 20:22:41,NOBU,16.255,16.355
2025-06-14 20:22:41,OCBC,16.148,16.405
2025-06-14 20:22:41,PERDANIA,16.040,16.540
2025-06-14 20:22:41,SBII,16.145,16.480
2025-06-14 20:22:41,SHINHAN,16.099,16.491
2025-06-14 20:22:41,SINARMAS,16.285,16.345
2025-06-14 20:22:41,SMBC,15.920,16.520
2025-06-14 20:22:41,UOB,15.940,16.443
2025-06-14 20:22:41,VICTORIA,16.200,16.310
2025-06-14 20:22:41,WOORISAUDARA,16.200,16.400
2025-06-14 20:27:43,BANK INDEX,16.095,16.285
2025-06-14 20:27:43,BANK JATIM,16.195,16.350
2025-06-14 20:27:43,BCA,16.270,16.330
2025-06-14 20:27:43,BCCBI,16.128,16.378
2025-06-14 20:27:43,BI,16.1558,16.3182
2025-06-14 20:27:43,BJB,16.120,16.420
2025-06-14 20:27:43,BNI,16.170,16.450
2025-06-14 20:27:43,BRI,16.150,16.450
2025-06-14 20:27:43,BTN,1636,1639
2025-06-14 20:27:43,CAPITAL,16.170,16.270
2025-06-14 20:27:43,CIMB,16.291,16.316
2025-06-14 20:27:43,DANAMON,16.205,16.405
2025-06-14 20:27:43,DBS,16.129,16.461
2025-06-14 20:27:43,GANESHA,16.195,16.375
2025-06-14 20:27:43,HSBC,16.060,16.510
2025-06-14 20:27:43,JTRUST,16.230,16.320
2025-06-14 20:27:43,MANDIRI,16.240,16.270
2025-06-14 20:27:43,MASPION,16.073,16.472
2025-06-14 20:27:43,MAYBANK,16.245,16.325
2025-06-14 20:27:43,MEGA,16.063,16.543
2025-06-14 20:27:43,MESTIKA,16.265,16.315
2025-06-14 20:27:43,MNC,16.150,16.300
2025-06-14 20:27:43,NOBU,16.255,16.355
2025-06-14 20:27:43,OCBC,16.148,16.405
2025-06-14 20:27:43,PERDANIA,16.040,16.540
2025-06-14 20:27:43,SBII,16.145,16.480
2025-06-14 20:27:43,SHINHAN,16.099,16.491
2025-06-14 20:27:43,SINARMAS,16.285,16.345
2025-06-14 20:27:43,SMBC,15.920,16.520
2025-06-14 20:27:43,UOB,15.940,16.443
2025-06-14 20:27:43,VICTORIA,16.200,16.310
2025-06-14 20:27:43,WOORISAUDARA,16.200,16.400
2025-06-14 20:32:43,BANK INDEX,16.095,16.285
2025-06-14 20:32:43,BANK JATIM,16.195,16.350
2025-06-14 20:32:43,BCA,16.270,16.330
2025-06-14 20:32:43,BCCBI,16.128,16.378
2025-06-14 20:32:43,BI,16.1558,16.3182
2025-06-14 20:32:43,BJB,16.120,16.420
2025-06-14 20:32:43,BNI,16.170,16.450
2025-06-14 20:32:43,BRI,16.150,16.450
2025-06-14 20:32:43,BTN,1636,1639
2025-06-14 20:32:43,CAPITAL,16.170,16.270
2025-06-14 20:32:43,CIMB,16.291,16.316
2025-06-14 20:32:43,DANAMON,16.205,16.405
2025-06-14 20:32:43,DBS,16.129,16.461
2025-06-14 20:32:43,GANESHA,16.195,16.375
2025-06-14 20:32:43,HSBC,16.060,16.510
2025-06-14 20:32:43,JTRUST,16.230,16.320
2025-06-14 20:32:43,MANDIRI,16.240,16.270
2025-06-14 20:32:43,MASPION,16.073,16.472
2025-06-14 20:32:43,MAYBANK,16.245,16.325
2025-06-14 20:32:43,MEGA,16.063,16.543
2025-06-14 20:32:43,MESTIKA,16.265,16.315
2025-06-14 20:32:43,MNC,16.150,16.300
2025-06-14 20:32:43,NOBU,16.255,16.355
2025-06-14 20:32:43,OCBC,16.148,16.405
2025-06-14 20:32:43,PERDANIA,16.040,16.540
2025-06-14 20:32:43,SBII,16.145,16.480
2025-06-14 20:32:43,SHINHAN,16.099,16.491
2025-06-14 20:32:43,SINARMAS,16.285,16.345
2025-06-14 20:32:43,SMBC,15.920,16.520
2025-06-14 20:32:43,UOB,15.940,16.443
2025-06-14 20:32:43,VICTORIA,16.200,16.310
2025-06-14 20:32:43,WOORISAUDARA,16.200,16.400
2025-06-14 20:37:44,BANK INDEX,16.095,16.285
2025-06-14 20:37:44,BANK JATIM,16.195,16.350
2025-06-14 20:37:44,BCA,16.270,16.330
2025-06-14 20:37:44,BCCBI,16.128,16.378
2025-06-14 20:37:44,BI,16.1558,16.3182
2025-06-14 20:37:44,BJB,16.120,16.420
2025-06-14 20:37:44,BNI,16.170,16.450
2025-06-14 20:37:44,BRI,16.150,16.450
2025-06-14 20:37:44,BTN,1636,1639
2025-06-14 20:37:44,CAPITAL,16.170,16.270
2025-06-14 20:37:44,CIMB,16.291,16.316
2025-06-14 20:37:44,DANAMON,16.205,16.405
2025-06-14 20:37:44,DBS,16.129,16.461
2025-06-14 20:37:44,GANESHA,16.195,16.375
2025-06-14 20:37:44,HSBC,16.060,16.510
2025-06-14 20:37:44,JTRUST,16.230,16.320
2025-06-14 20:37:44,MANDIRI,16.240,16.270
2025-06-14 20:37:44,MASPION,16.073,16.472
2025-06-14 20:37:44,MAYBANK,16.245,16.325
2025-06-14 20:37:44,MEGA,16.063,16.543
2025-06-14 20:37:44,MESTIKA,16.265,16.315
2025-06-14 20:37:44,MNC,16.150,16.300
2025-06-14 20:37:44,NOBU,16.255,16.355
2025-06-14 20:37:44,OCBC,16.148,16.405
2025-06-14 20:37:44,PERDANIA,16.040,16.540
2025-06-14 20:37:44,SBII,16.145,16.480
2025-06-14 20:37:44,SHINHAN,16.099,16.491
2025-06-14 20:37:44,SINARMAS,16.285,16.345
2025-06-14 20:37:44,SMBC,15.920,16.520
2025-06-14 20:37:44,UOB,15.940,16.443
2025-06-14 20:37:44,VICTORIA,16.200,16.310
2025-06-14 20:37:44,WOORISAUDARA,16.200,16.400
2025-06-14 20:42:44,BANK INDEX,16.095,16.285
2025-06-14 20:42:44,BANK JATIM,16.195,16.350
2025-06-14 20:42:44,BCA,16.270,16.330
2025-06-14 20:42:44,BCCBI,16.128,16.378
2025-06-14 20:42:44,BI,16.1558,16.3182
2025-06-14 20:42:44,BJB,16.120,16.420
2025-06-14 20:42:44,BNI,16.170,16.450
2025-06-14 20:42:44,BRI,16.150,16.450
2025-06-14 20:42:44,BTN,1636,1639
2025-06-14 20:42:44,CAPITAL,16.170,16.270
2025-06-14 20:42:44,CIMB,16.291,16.316
2025-06-14 20:42:44,DANAMON,16.205,16.405
2025-06-14 20:42:44,DBS,16.129,16.461
2025-06-14 20:42:44,GANESHA,16.195,16.375
2025-06-14 20:42:44,HSBC,16.060,16.510
2025-06-14 20:42:44,JTRUST,16.230,16.320
2025-06-14 20:42:44,MANDIRI,16.240,16.270
2025-06-14 20:42:44,MASPION,16.073,16.472
2025-06-14 20:42:44,MAYBANK,16.245,16.325
2025-06-14 20:42:44,MEGA,16.063,16.543
2025-06-14 20:42:44,MESTIKA,16.265,16.315
2025-06-14 20:42:44,MNC,16.150,16.300
2025-06-14 20:42:44,NOBU,16.255,16.355
2025-06-14 20:42:44,OCBC,16.148,16.405
2025-06-14 20:42:44,PERDANIA,16.040,16.540
2025-06-14 20:42:44,SBII,16.145,16.480
2025-06-14 20:42:44,SHINHAN,16.099,16.491
2025-06-14 20:42:44,SINARMAS,16.285,16.345
2025-06-14 20:42:44,SMBC,15.920,16.520
2025-06-14 20:42:44,UOB,15.940,16.443
2025-06-14 20:42:44,VICTORIA,16.200,16.310
2025-06-14 20:42:44,WOORISAUDARA,16.200,16.400
2025-06-14 20:47:44,BANK INDEX,16.095,16.285
2025-06-14 20:47:44,BANK JATIM,16.195,16.350
2025-06-14 20:47:44,BCA,16.270,16.330
2025-06-14 20:47:44,BCCBI,16.128,16.378
2025-06-14 20:47:44,BI,16.1558,16.3182
2025-06-14 20:47:44,BJB,16.120,16.420
2025-06-14 20:47:44,BNI,16.170,16.450
2025-06-14 20:47:44,BRI,16.150,16.450
2025-06-14 20:47:44,BTN,1636,1639
2025-06-14 20:47:44,CAPITAL,16.170,16.270
2025-06-14 20:47:44,CIMB,16.291,16.316
2025-06-14 20:47:44,DANAMON,16.205,16.405
2025-06-14 20:47:44,DBS,16.129,16.461
2025-06-14 20:47:44,GANESHA,16.195,16.375
2025-06-14 20:47:44,HSBC,16.060,16.510
2025-06-14 20:47:44,JTRUST,16.230,16.320
2025-06-14 20:47:44,MANDIRI,16.240,16.270
2025-06-14 20:47:44,MASPION,16.073,16.472
2025-06-14 20:47:44,MAYBANK,16.245,16.325
2025-06-14 20:47:44,MEGA,16.063,16.543
2025-06-14 20:47:44,MESTIKA,16.265,16.315
2025-06-14 20:47:44,MNC,16.150,16.300
2025-06-14 20:47:44,NOBU,16.255,16.355
2025-06-14 20:47:44,OCBC,16.148,16.405
2025-06-14 20:47:44,PERDANIA,16.040,16.540
2025-06-14 20:47:44,SBII,16.145,16.480
2025-06-14 20:47:44,SHINHAN,16.099,16.491
2025-06-14 20:47:44,SINARMAS,16.285,16.345
2025-06-14 20:47:44,SMBC,15.920,16.520
2025-06-14 20:47:44,UOB,15.940,16.443
2025-06-14 20:47:44,VICTORIA,16.200,16.310
2025-06-14 20:47:44,WOORISAUDARA,16.200,16.400
2025-06-14 20:52:44,BANK INDEX,16.095,16.285
2025-06-14 20:52:44,BANK JATIM,16.195,16.350
2025-06-14 20:52:44,BCA,16.270,16.330
2025-06-14 20:52:44,BCCBI,16.128,16.378
2025-06-14 20:52:44,BI,16.1558,16.3182
2025-06-14 20:52:44,BJB,16.120,16.420
2025-06-14 20:52:44,BNI,16.170,16.450
2025-06-14 20:52:44,BRI,16.150,16.450
2025-06-14 20:52:44,BTN,1636,1639
2025-06-14 20:52:44,CAPITAL,16.170,16.270
2025-06-14 20:52:44,CIMB,16.291,16.316
2025-06-14 20:52:44,DANAMON,16.205,16.405
2025-06-14 20:52:44,DBS,16.129,16.461
2025-06-14 20:52:44,GANESHA,16.195,16.375
2025-06-14 20:52:44,HSBC,16.060,16.510
2025-06-14 20:52:44,JTRUST,16.230,16.320
2025-06-14 20:52:44,MANDIRI,16.240,16.270
2025-06-14 20:52:44,MASPION,16.073,16.472
2025-06-14 20:52:44,MAYBANK,16.245,16.325
2025-06-14 20:52:44,MEGA,16.063,16.543
2025-06-14 20:52:44,MESTIKA,16.265,16.315
2025-06-14 20:52:44,MNC,16.150,16.300
2025-06-14 20:52:44,NOBU,16.255,16.355
2025-06-14 20:52:44,OCBC,16.148,16.405
2025-06-14 20:52:44,PERDANIA,16.040,16.540
2025-06-14 20:52:44,SBII,16.145,16.480
2025-06-14 20:52:44,SHINHAN,16.099,16.491
2025-06-14 20:52:44,SINARMAS,16.285,16.345
2025-06-14 20:52:44,SMBC,15.920,16.520
2025-06-14 20:52:44,UOB,15.940,16.443
2025-06-14 20:52:44,VICTORIA,16.200,16.310
2025-06-14 20:52:44,WOORISAUDARA,16.200,16.400
2025-06-14 20:58:05,BANK INDEX,16.095,16.285
2025-06-14 20:58:05,BANK JATIM,16.195,16.350
2025-06-14 20:58:05,BCA,16.270,16.330
2025-06-14 20:58:05,BCCBI,16.128,16.378
2025-06-14 20:58:05,BI,16.1558,16.3182
2025-06-14 20:58:05,BJB,16.120,16.420
2025-06-14 20:58:05,BNI,16.170,16.450
2025-06-14 20:58:05,BRI,16.150,16.450
2025-06-14 20:58:05,BTN,1636,1639
2025-06-14 20:58:05,CAPITAL,16.170,16.270
2025-06-14 20:58:05,CIMB,16.291,16.316
2025-06-14 20:58:05,DANAMON,16.205,16.405
2025-06-14 20:58:05,DBS,16.129,16.461
2025-06-14 20:58:05,GANESHA,16.195,16.375
2025-06-14 20:58:05,HSBC,16.060,16.510
2025-06-14 20:58:05,JTRUST,16.230,16.320
2025-06-14 20:58:05,MANDIRI,16.240,16.270
2025-06-14 20:58:05,MASPION,16.073,16.472
2025-06-14 20:58:05,MAYBANK,16.245,16.325
2025-06-14 20:58:05,MEGA,16.063,16.543
2025-06-14 20:58:05,MESTIKA,16.265,16.315
2025-06-14 20:58:05,MNC,16.150,16.300
2025-06-14 20:58:05,NOBU,16.255,16.355
2025-06-14 20:58:05,OCBC,16.148,16.405
2025-06-14 20:58:05,PERDANIA,16.040,16.540
2025-06-14 20:58:05,SBII,16.145,16.480
2025-06-14 20:58:05,SHINHAN,16.099,16.491
2025-06-14 20:58:05,SINARMAS,16.285,16.345
2025-06-14 20:58:05,SMBC,15.920,16.520
2025-06-14 20:58:05,UOB,15.940,16.443
2025-06-14 20:58:05,VICTORIA,16.200,16.310
2025-06-14 20:58:05,WOORISAUDARA,16.200,16.400
2025-06-14 21:03:06,BANK INDEX,16.095,16.285
2025-06-14 21:03:06,BANK JATIM,16.195,16.350
2025-06-14 21:03:06,BCA,16.270,16.330
2025-06-14 21:03:06,BCCBI,16.128,16.378
2025-06-14 21:03:06,BI,16.1558,16.3182
2025-06-14 21:03:06,BJB,16.120,16.420
2025-06-14 21:03:06,BNI,16.170,16.450
2025-06-14 21:03:06,BRI,16.150,16.450
2025-06-14 21:03:06,BTN,1636,1639
2025-06-14 21:03:06,CAPITAL,16.170,16.270
2025-06-14 21:03:06,CIMB,16.291,16.316
2025-06-14 21:03:06,DANAMON,16.205,16.405
2025-06-14 21:03:06,DBS,16.129,16.461
2025-06-14 21:03:06,GANESHA,16.195,16.375
2025-06-14 21:03:06,HSBC,16.060,16.510
2025-06-14 21:03:06,JTRUST,16.230,16.320
2025-06-14 21:03:06,MANDIRI,16.240,16.270
2025-06-14 21:03:06,MASPION,16.073,16.472
2025-06-14 21:03:06,MAYBANK,16.245,16.325
2025-06-14 21:03:06,MEGA,16.063,16.543
2025-06-14 21:03:06,MESTIKA,16.265,16.315
2025-06-14 21:03:06,MNC,16.150,16.300
2025-06-14 21:03:06,NOBU,16.255,16.355
2025-06-14 21:03:06,OCBC,16.148,16.405
2025-06-14 21:03:06,PERDANIA,16.040,16.540
2025-06-14 21:03:06,SBII,16.145,16.480
2025-06-14 21:03:06,SHINHAN,16.099,16.491
2025-06-14 21:03:06,SINARMAS,16.285,16.345
2025-06-14 21:03:06,SMBC,15.920,16.520
2025-06-14 21:03:06,UOB,15.940,16.443
2025-06-14 21:03:06,VICTORIA,16.200,16.310
2025-06-14 21:03:06,WOORISAUDARA,16.200,16.400
2025-06-14 21:08:06,BANK INDEX,16.095,16.285
2025-06-14 21:08:06,BANK JATIM,16.195,16.350
2025-06-14 21:08:06,BCA,16.270,16.330
2025-06-14 21:08:06,BCCBI,16.128,16.378
2025-06-14 21:08:06,BI,16.1558,16.3182
2025-06-14 21:08:06,BJB,16.120,16.420
2025-06-14 21:08:06,BNI,16.170,16.450
2025-06-14 21:08:06,BRI,16.150,16.450
2025-06-14 21:08:06,BTN,1636,1639
2025-06-14 21:08:06,CAPITAL,16.170,16.270
2025-06-14 21:08:06,CIMB,16.291,16.316
2025-06-14 21:08:06,DANAMON,16.205,16.405
2025-06-14 21:08:06,DBS,16.129,16.461
2025-06-14 21:08:06,GANESHA,16.195,16.375
2025-06-14 21:08:06,HSBC,16.060,16.510
2025-06-14 21:08:06,JTRUST,16.230,16.320
2025-06-14 21:08:06,MANDIRI,16.240,16.270
2025-06-14 21:08:06,MASPION,16.073,16.472
2025-06-14 21:08:06,MAYBANK,16.245,16.325
2025-06-14 21:08:06,MEGA,16.063,16.543
2025-06-14 21:08:06,MESTIKA,16.265,16.315
2025-06-14 21:08:06,MNC,16.150,16.300
2025-06-14 21:08:06,NOBU,16.255,16.355
2025-06-14 21:08:06,OCBC,16.148,16.405
2025-06-14 21:08:06,PERDANIA,16.040,16.540
2025-06-14 21:08:06,SBII,16.145,16.480
2025-06-14 21:08:06,SHINHAN,16.099,16.491
2025-06-14 21:08:06,SINARMAS,16.285,16.345
2025-06-14 21:08:06,SMBC,15.920,16.520
2025-06-14 21:08:06,UOB,15.940,16.443
2025-06-14 21:08:06,VICTORIA,16.200,16.310
2025-06-14 21:08:06,WOORISAUDARA,16.200,16.400
2025-06-14 21:13:07,BANK INDEX,16.095,16.285
2025-06-14 21:13:07,BANK JATIM,16.195,16.350
2025-06-14 21:13:07,BCA,16.270,16.330
2025-06-14 21:13:07,BCCBI,16.128,16.378
2025-06-14 21:13:07,BI,16.1558,16.3182
2025-06-14 21:13:07,BJB,16.120,16.420
2025-06-14 21:13:07,BNI,16.170,16.450
2025-06-14 21:13:07,BRI,16.150,16.450
2025-06-14 21:13:07,BTN,1636,1639
2025-06-14 21:13:07,CAPITAL,16.170,16.270
2025-06-14 21:13:07,CIMB,16.291,16.316
2025-06-14 21:13:07,DANAMON,16.205,16.405
2025-06-14 21:13:07,DBS,16.129,16.461
2025-06-14 21:13:07,GANESHA,16.195,16.375
2025-06-14 21:13:07,HSBC,16.060,16.510
2025-06-14 21:13:07,JTRUST,16.230,16.320
2025-06-14 21:13:07,MANDIRI,16.240,16.270
2025-06-14 21:13:07,MASPION,16.073,16.472
2025-06-14 21:13:07,MAYBANK,16.245,16.325
2025-06-14 21:13:07,MEGA,16.063,16.543
2025-06-14 21:13:07,MESTIKA,16.265,16.315
2025-06-14 21:13:07,MNC,16.150,16.300
2025-06-14 21:13:07,NOBU,16.255,16.355
2025-06-14 21:13:07,OCBC,16.148,16.405
2025-06-14 21:13:07,PERDANIA,16.040,16.540
2025-06-14 21:13:07,SBII,16.145,16.480
2025-06-14 21:13:07,SHINHAN,16.099,16.491
2025-06-14 21:13:07,SINARMAS,16.285,16.345
2025-06-14 21:13:07,SMBC,15.920,16.520
2025-06-14 21:13:07,UOB,15.940,16.443
2025-06-14 21:13:07,VICTORIA,16.200,16.310
2025-06-14 21:13:07,WOORISAUDARA,16.200,16.400
2025-06-14 21:18:09,BANK INDEX,16.095,16.285
2025-06-14 21:18:09,BANK JATIM,16.195,16.350
2025-06-14 21:18:09,BCA,16.270,16.330
2025-06-14 21:18:09,BCCBI,16.128,16.378
2025-06-14 21:18:09,BI,16.1558,16.3182
2025-06-14 21:18:09,BJB,16.120,16.420
2025-06-14 21:18:09,BNI,16.170,16.450
2025-06-14 21:18:09,BRI,16.150,16.450
2025-06-14 21:18:09,BTN,1636,1639
2025-06-14 21:18:09,CAPITAL,16.170,16.270
2025-06-14 21:18:09,CIMB,16.291,16.316
2025-06-14 21:18:09,DANAMON,16.205,16.405
2025-06-14 21:18:09,DBS,16.129,16.461
2025-06-14 21:18:09,GANESHA,16.195,16.375
2025-06-14 21:18:09,HSBC,16.060,16.510
2025-06-14 21:18:09,JTRUST,16.230,16.320
2025-06-14 21:18:09,MANDIRI,16.240,16.270
2025-06-14 21:18:09,MASPION,16.073,16.472
2025-06-14 21:18:09,MAYBANK,16.245,16.325
2025-06-14 21:18:09,MEGA,16.063,16.543
2025-06-14 21:18:09,MESTIKA,16.265,16.315
2025-06-14 21:18:09,MNC,16.150,16.300
2025-06-14 21:18:09,NOBU,16.255,16.355
2025-06-14 21:18:09,OCBC,16.148,16.405
2025-06-14 21:18:09,PERDANIA,16.040,16.540
2025-06-14 21:18:09,SBII,16.145,16.480
2025-06-14 21:18:09,SHINHAN,16.099,16.491
2025-06-14 21:18:09,SINARMAS,16.285,16.345
2025-06-14 21:18:09,SMBC,15.920,16.520
2025-06-14 21:18:09,UOB,15.940,16.443
2025-06-14 21:18:09,VICTORIA,16.200,16.310
2025-06-14 21:18:09,WOORISAUDARA,16.200,16.400
2025-06-14 21:23:09,BANK INDEX,16.095,16.285
2025-06-14 21:23:09,BANK JATIM,16.195,16.350
2025-06-14 21:23:09,BCA,16.270,16.330
2025-06-14 21:23:09,BCCBI,16.128,16.378
2025-06-14 21:23:09,BI,16.1558,16.3182
2025-06-14 21:23:09,BJB,16.120,16.420
2025-06-14 21:23:09,BNI,16.170,16.450
2025-06-14 21:23:09,BRI,16.150,16.450
2025-06-14 21:23:09,BTN,1636,1639
2025-06-14 21:23:09,CAPITAL,16.170,16.270
2025-06-14 21:23:09,CIMB,16.291,16.316
2025-06-14 21:23:09,DANAMON,16.205,16.405
2025-06-14 21:23:09,DBS,16.129,16.461
2025-06-14 21:23:09,GANESHA,16.195,16.375
2025-06-14 21:23:09,HSBC,16.060,16.510
2025-06-14 21:23:09,JTRUST,16.230,16.320
2025-06-14 21:23:09,MANDIRI,16.240,16.270
2025-06-14 21:23:09,MASPION,16.073,16.472
2025-06-14 21:23:09,MAYBANK,16.245,16.325
2025-06-14 21:23:09,MEGA,16.063,16.543
2025-06-14 21:23:09,MESTIKA,16.265,16.315
2025-06-14 21:23:09,MNC,16.150,16.300
2025-06-14 21:23:09,NOBU,16.255,16.355
2025-06-14 21:23:09,OCBC,16.148,16.405
2025-06-14 21:23:09,PERDANIA,16.040,16.540
2025-06-14 21:23:09,SBII,16.145,16.480
2025-06-14 21:23:09,SHINHAN,16.099,16.491
2025-06-14 21:23:09,SINARMAS,16.285,16.345
2025-06-14 21:23:09,SMBC,15.920,16.520
2025-06-14 21:23:09,UOB,15.940,16.443
2025-06-14 21:23:09,VICTORIA,16.200,16.310
2025-06-14 21:23:09,WOORISAUDARA,16.200,16.400
2025-06-14 21:28:09,BANK INDEX,16.095,16.285
2025-06-14 21:28:09,BANK JATIM,16.195,16.350
2025-06-14 21:28:09,BCA,16.270,16.330
2025-06-14 21:28:09,BCCBI,16.128,16.378
2025-06-14 21:28:09,BI,16.1558,16.3182
2025-06-14 21:28:09,BJB,16.120,16.420
2025-06-14 21:28:09,BNI,16.170,16.450
2025-06-14 21:28:09,BRI,16.150,16.450
2025-06-14 21:28:09,BTN,1636,1639
2025-06-14 21:28:09,CAPITAL,16.170,16.270
2025-06-14 21:28:09,CIMB,16.291,16.316
2025-06-14 21:28:09,DANAMON,16.205,16.405
2025-06-14 21:28:09,DBS,16.129,16.461
2025-06-14 21:28:09,GANESHA,16.195,16.375
2025-06-14 21:28:09,HSBC,16.060,16.510
2025-06-14 21:28:09,JTRUST,16.230,16.320
2025-06-14 21:28:09,MANDIRI,16.240,16.270
2025-06-14 21:28:09,MASPION,16.073,16.472
2025-06-14 21:28:09,MAYBANK,16.245,16.325
2025-06-14 21:28:09,MEGA,16.063,16.543
2025-06-14 21:28:09,MESTIKA,16.265,16.315
2025-06-14 21:28:09,MNC,16.150,16.300
2025-06-14 21:28:09,NOBU,16.255,16.355
2025-06-14 21:28:09,OCBC,16.148,16.405
2025-06-14 21:28:09,PERDANIA,16.040,16.540
2025-06-14 21:28:09,SBII,16.145,16.480
2025-06-14 21:28:09,SHINHAN,16.099,16.491
2025-06-14 21:28:09,SINARMAS,16.285,16.345
2025-06-14 21:28:09,SMBC,15.920,16.520
2025-06-14 21:28:09,UOB,15.940,16.443
2025-06-14 21:28:09,VICTORIA,16.200,16.310
2025-06-14 21:28:09,WOORISAUDARA,16.200,16.400
2025-06-14 21:33:10,BANK INDEX,16.095,16.285
2025-06-14 21:33:10,BANK JATIM,16.195,16.350
2025-06-14 21:33:10,BCA,16.270,16.330
2025-06-14 21:33:10,BCCBI,16.128,16.378
2025-06-14 21:33:10,BI,16.1558,16.3182
2025-06-14 21:33:10,BJB,16.120,16.420
2025-06-14 21:33:10,BNI,16.170,16.450
2025-06-14 21:33:10,BRI,16.150,16.450
2025-06-14 21:33:10,BTN,1636,1639
2025-06-14 21:33:10,CAPITAL,16.170,16.270
2025-06-14 21:33:10,CIMB,16.291,16.316
2025-06-14 21:33:10,DANAMON,16.205,16.405
2025-06-14 21:33:10,DBS,16.129,16.461
2025-06-14 21:33:10,GANESHA,16.195,16.375
2025-06-14 21:33:10,HSBC,16.060,16.510
2025-06-14 21:33:10,JTRUST,16.230,16.320
2025-06-14 21:33:10,MANDIRI,16.240,16.270
2025-06-14 21:33:10,MASPION,16.073,16.472
2025-06-14 21:33:10,MAYBANK,16.245,16.325
2025-06-14 21:33:10,MEGA,16.063,16.543
2025-06-14 21:33:10,MESTIKA,16.265,16.315
2025-06-14 21:33:10,MNC,16.150,16.300
2025-06-14 21:33:10,NOBU,16.255,16.355
2025-06-14 21:33:10,OCBC,16.148,16.405
2025-06-14 21:33:10,PERDANIA,16.040,16.540
2025-06-14 21:33:10,SBII,16.145,16.480
2025-06-14 21:33:10,SHINHAN,16.099,16.491
2025-06-14 21:33:10,SINARMAS,16.285,16.345
2025-06-14 21:33:10,SMBC,15.920,16.520
2025-06-14 21:33:10,UOB,15.940,16.443
2025-06-14 21:33:10,VICTORIA,16.200,16.310
2025-06-14 21:33:10,WOORISAUDARA,16.200,16.400
2025-06-14 21:38:11,BANK INDEX,16.095,16.285
2025-06-14 21:38:11,BANK JATIM,16.195,16.350
2025-06-14 21:38:11,BCA,16.270,16.330
2025-06-14 21:38:11,BCCBI,16.128,16.378
2025-06-14 21:38:11,BI,16.1558,16.3182
2025-06-14 21:38:11,BJB,16.120,16.420
2025-06-14 21:38:11,BNI,16.170,16.450
2025-06-14 21:38:11,BRI,16.150,16.450
2025-06-14 21:38:11,BTN,1636,1639
2025-06-14 21:38:11,CAPITAL,16.170,16.270
2025-06-14 21:38:11,CIMB,16.291,16.316
2025-06-14 21:38:11,DANAMON,16.205,16.405
2025-06-14 21:38:11,DBS,16.129,16.461
2025-06-14 21:38:11,GANESHA,16.195,16.375
2025-06-14 21:38:11,HSBC,16.060,16.510
2025-06-14 21:38:11,JTRUST,16.230,16.320
2025-06-14 21:38:11,MANDIRI,16.240,16.270
2025-06-14 21:38:11,MASPION,16.073,16.472
2025-06-14 21:38:11,MAYBANK,16.245,16.325
2025-06-14 21:38:11,MEGA,16.063,16.543
2025-06-14 21:38:11,MESTIKA,16.265,16.315
2025-06-14 21:38:11,MNC,16.150,16.300
2025-06-14 21:38:11,NOBU,16.255,16.355
2025-06-14 21:38:11,OCBC,16.148,16.405
2025-06-14 21:38:11,PERDANIA,16.040,16.540
2025-06-14 21:38:11,SBII,16.145,16.480
2025-06-14 21:38:11,SHINHAN,16.099,16.491
2025-06-14 21:38:11,SINARMAS,16.285,16.345
2025-06-14 21:38:11,SMBC,15.920,16.520
2025-06-14 21:38:11,UOB,15.940,16.443
2025-06-14 21:38:11,VICTORIA,16.200,16.310
2025-06-14 21:38:11,WOORISAUDARA,16.200,16.400
2025-06-14 21:43:11,BANK INDEX,16.095,16.285
2025-06-14 21:43:11,BANK JATIM,16.195,16.350
2025-06-14 21:43:11,BCA,16.270,16.330
2025-06-14 21:43:11,BCCBI,16.128,16.378
2025-06-14 21:43:11,BI,16.1558,16.3182
2025-06-14 21:43:11,BJB,16.120,16.420
2025-06-14 21:43:11,BNI,16.170,16.450
2025-06-14 21:43:11,BRI,16.150,16.450
2025-06-14 21:43:11,BTN,1636,1639
2025-06-14 21:43:11,CAPITAL,16.170,16.270
2025-06-14 21:43:11,CIMB,16.291,16.316
2025-06-14 21:43:11,DANAMON,16.205,16.405
2025-06-14 21:43:11,DBS,16.129,16.461
2025-06-14 21:43:11,GANESHA,16.195,16.375
2025-06-14 21:43:11,HSBC,16.060,16.510
2025-06-14 21:43:11,JTRUST,16.230,16.320
2025-06-14 21:43:11,MANDIRI,16.240,16.270
2025-06-14 21:43:11,MASPION,16.073,16.472
2025-06-14 21:43:11,MAYBANK,16.245,16.325
2025-06-14 21:43:11,MEGA,16.063,16.543
2025-06-14 21:43:11,MESTIKA,16.265,16.315
2025-06-14 21:43:11,MNC,16.150,16.300
2025-06-14 21:43:11,NOBU,16.255,16.355
2025-06-14 21:43:11,OCBC,16.148,16.405
2025-06-14 21:43:11,PERDANIA,16.040,16.540
2025-06-14 21:43:11,SBII,16.145,16.480
2025-06-14 21:43:11,SHINHAN,16.099,16.491
2025-06-14 21:43:11,SINARMAS,16.285,16.345
2025-06-14 21:43:11,SMBC,15.920,16.520
2025-06-14 21:43:11,UOB,15.940,16.443
2025-06-14 21:43:11,VICTORIA,16.200,16.310
2025-06-14 21:43:11,WOORISAUDARA,16.200,16.400
2025-06-14 21:48:11,BANK INDEX,16.095,16.285
2025-06-14 21:48:11,BANK JATIM,16.195,16.350
2025-06-14 21:48:11,BCA,16.270,16.330
2025-06-14 21:48:11,BCCBI,16.128,16.378
2025-06-14 21:48:11,BI,16.1558,16.3182
2025-06-14 21:48:11,BJB,16.120,16.420
2025-06-14 21:48:11,BNI,16.170,16.450
2025-06-14 21:48:11,BRI,16.150,16.450
2025-06-14 21:48:11,BTN,1636,1639
2025-06-14 21:48:11,CAPITAL,16.170,16.270
2025-06-14 21:48:11,CIMB,16.291,16.316
2025-06-14 21:48:11,DANAMON,16.205,16.405
2025-06-14 21:48:11,DBS,16.129,16.461
2025-06-14 21:48:11,GANESHA,16.195,16.375
2025-06-14 21:48:11,HSBC,16.060,16.510
2025-06-14 21:48:11,JTRUST,16.230,16.320
2025-06-14 21:48:11,MANDIRI,16.240,16.270
2025-06-14 21:48:11,MASPION,16.073,16.472
2025-06-14 21:48:11,MAYBANK,16.245,16.325
2025-06-14 21:48:11,MEGA,16.063,16.543
2025-06-14 21:48:11,MESTIKA,16.265,16.315
2025-06-14 21:48:11,MNC,16.150,16.300
2025-06-14 21:48:11,NOBU,16.255,16.355
2025-06-14 21:48:11,OCBC,16.148,16.405
2025-06-14 21:48:11,PERDANIA,16.040,16.540
2025-06-14 21:48:11,SBII,16.145,16.480
2025-06-14 21:48:11,SHINHAN,16.099,16.491
2025-06-14 21:48:11,SINARMAS,16.285,16.345
2025-06-14 21:48:11,SMBC,15.920,16.520
2025-06-14 21:48:11,UOB,15.940,16.443
2025-06-14 21:48:11,VICTORIA,16.200,16.310
2025-06-14 21:48:11,WOORISAUDARA,16.200,16.400
2025-06-14 21:53:51,BANK INDEX,16.095,16.285
2025-06-14 21:53:51,BANK JATIM,16.195,16.350
2025-06-14 21:53:51,BCA,16.270,16.330
2025-06-14 21:53:51,BCCBI,16.128,16.378
2025-06-14 21:53:51,BI,16.1558,16.3182
2025-06-14 21:53:51,BJB,16.120,16.420
2025-06-14 21:53:51,BNI,16.170,16.450
2025-06-14 21:53:51,BRI,16.150,16.450
2025-06-14 21:53:51,BTN,1636,1639
2025-06-14 21:53:51,CAPITAL,16.170,16.270
2025-06-14 21:53:51,CIMB,16.291,16.316
2025-06-14 21:53:51,DANAMON,16.205,16.405
2025-06-14 21:53:51,DBS,16.129,16.461
2025-06-14 21:53:51,GANESHA,16.195,16.375
2025-06-14 21:53:51,HSBC,16.060,16.510
2025-06-14 21:53:51,JTRUST,16.230,16.320
2025-06-14 21:53:51,MANDIRI,16.240,16.270
2025-06-14 21:53:51,MASPION,16.073,16.472
2025-06-14 21:53:51,MAYBANK,16.245,16.325
2025-06-14 21:53:51,MEGA,16.063,16.543
2025-06-14 21:53:51,MESTIKA,16.265,16.315
2025-06-14 21:53:51,MNC,16.150,16.300
2025-06-14 21:53:51,NOBU,16.255,16.355
2025-06-14 21:53:51,OCBC,16.148,16.405
2025-06-14 21:53:51,PERDANIA,16.040,16.540
2025-06-14 21:53:51,SBII,16.145,16.480
2025-06-14 21:53:51,SHINHAN,16.099,16.491
2025-06-14 21:53:51,SINARMAS,16.285,16.345
2025-06-14 21:53:51,SMBC,15.920,16.520
2025-06-14 21:53:51,UOB,15.940,16.443
2025-06-14 21:53:51,VICTORIA,16.200,16.310
2025-06-14 21:53:51,WOORISAUDARA,16.200,16.400
2025-06-14 21:58:54,BANK INDEX,16.095,16.285
2025-06-14 21:58:54,BANK JATIM,16.195,16.350
2025-06-14 21:58:54,BCA,16.270,16.330
2025-06-14 21:58:54,BCCBI,16.128,16.378
2025-06-14 21:58:54,BI,16.1558,16.3182
2025-06-14 21:58:54,BJB,16.120,16.420
2025-06-14 21:58:54,BNI,16.170,16.450
2025-06-14 21:58:54,BRI,16.150,16.450
2025-06-14 21:58:54,BTN,1636,1639
2025-06-14 21:58:54,CAPITAL,16.170,16.270
2025-06-14 21:58:54,CIMB,16.291,16.316
2025-06-14 21:58:54,DANAMON,16.205,16.405
2025-06-14 21:58:54,DBS,16.129,16.461
2025-06-14 21:58:54,GANESHA,16.195,16.375
2025-06-14 21:58:54,HSBC,16.060,16.510
2025-06-14 21:58:54,JTRUST,16.230,16.320
2025-06-14 21:58:54,MANDIRI,16.240,16.270
2025-06-14 21:58:54,MASPION,16.073,16.472
2025-06-14 21:58:54,MAYBANK,16.245,16.325
2025-06-14 21:58:54,MEGA,16.063,16.543
2025-06-14 21:58:54,MESTIKA,16.265,16.315
2025-06-14 21:58:54,MNC,16.150,16.300
2025-06-14 21:58:54,NOBU,16.255,16.355
2025-06-14 21:58:54,OCBC,16.148,16.405
2025-06-14 21:58:54,PERDANIA,16.040,16.540
2025-06-14 21:58:54,SBII,16.145,16.480
2025-06-14 21:58:54,SHINHAN,16.099,16.491
2025-06-14 21:58:54,SINARMAS,16.285,16.345
2025-06-14 21:58:54,SMBC,15.920,16.520
2025-06-14 21:58:54,UOB,15.940,16.443
2025-06-14 21:58:54,VICTORIA,16.200,16.310
2025-06-14 21:58:54,WOORISAUDARA,16.200,16.400
2025-06-14 22:04:17,BANK INDEX,16.095,16.285
2025-06-14 22:04:17,BANK JATIM,16.195,16.350
2025-06-14 22:04:17,BCA,16.270,16.330
2025-06-14 22:04:17,BCCBI,16.128,16.378
2025-06-14 22:04:17,BI,16.1558,16.3182
2025-06-14 22:04:17,BJB,16.120,16.420
2025-06-14 22:04:17,BNI,16.170,16.450
2025-06-14 22:04:17,BRI,16.150,16.450
2025-06-14 22:04:17,BTN,1636,1639
2025-06-14 22:04:17,CAPITAL,16.170,16.270
2025-06-14 22:04:17,CIMB,16.291,16.316
2025-06-14 22:04:17,DANAMON,16.205,16.405
2025-06-14 22:04:17,DBS,16.129,16.461
2025-06-14 22:04:17,GANESHA,16.195,16.375
2025-06-14 22:04:17,HSBC,16.060,16.510
2025-06-14 22:04:17,JTRUST,16.230,16.320
2025-06-14 22:04:17,MANDIRI,16.240,16.270
2025-06-14 22:04:17,MASPION,16.073,16.472
2025-06-14 22:04:17,MAYBANK,16.245,16.325
2025-06-14 22:04:17,MEGA,16.063,16.543
2025-06-14 22:04:17,MESTIKA,16.265,16.315
2025-06-14 22:04:17,MNC,16.150,16.300
2025-06-14 22:04:17,NOBU,16.255,16.355
2025-06-14 22:04:17,OCBC,16.148,16.405
2025-06-14 22:04:17,PERDANIA,16.040,16.540
2025-06-14 22:04:17,SBII,16.145,16.480
2025-06-14 22:04:17,SHINHAN,16.099,16.491
2025-06-14 22:04:17,SINARMAS,16.285,16.345
2025-06-14 22:04:17,SMBC,15.920,16.520
2025-06-14 22:04:17,UOB,15.940,16.443
2025-06-14 22:04:17,VICTORIA,16.200,16.310
2025-06-14 22:04:17,WOORISAUDARA,16.200,16.400
2025-06-14 22:09:17,BANK INDEX,16.095,16.285
2025-06-14 22:09:17,BANK JATIM,16.195,16.350
2025-06-14 22:09:17,BCA,16.270,16.330
2025-06-14 22:09:17,BCCBI,16.128,16.378
2025-06-14 22:09:17,BI,16.1558,16.3182
2025-06-14 22:09:17,BJB,16.120,16.420
2025-06-14 22:09:17,BNI,16.170,16.450
2025-06-14 22:09:17,BRI,16.150,16.450
2025-06-14 22:09:17,BTN,1636,1639
2025-06-14 22:09:17,CAPITAL,16.170,16.270
2025-06-14 22:09:17,CIMB,16.291,16.316
2025-06-14 22:09:17,DANAMON,16.205,16.405
2025-06-14 22:09:17,DBS,16.129,16.461
2025-06-14 22:09:17,GANESHA,16.195,16.375
2025-06-14 22:09:17,HSBC,16.060,16.510
2025-06-14 22:09:17,JTRUST,16.230,16.320
2025-06-14 22:09:17,MANDIRI,16.240,16.270
2025-06-14 22:09:17,MASPION,16.073,16.472
2025-06-14 22:09:17,MAYBANK,16.245,16.325
2025-06-14 22:09:17,MEGA,16.063,16.543
2025-06-14 22:09:17,MESTIKA,16.265,16.315
2025-06-14 22:09:17,MNC,16.150,16.300
2025-06-14 22:09:17,NOBU,16.255,16.355
2025-06-14 22:09:17,OCBC,16.148,16.405
2025-06-14 22:09:17,PERDANIA,16.040,16.540
2025-06-14 22:09:17,SBII,16.145,16.480
2025-06-14 22:09:17,SHINHAN,16.099,16.491
2025-06-14 22:09:17,SINARMAS,16.285,16.345
2025-06-14 22:09:17,SMBC,15.920,16.520
2025-06-14 22:09:17,UOB,15.940,16.443
2025-06-14 22:09:17,VICTORIA,16.200,16.310
2025-06-14 22:09:17,WOORISAUDARA,16.200,16.400
2025-06-14 22:14:17,BANK INDEX,16.095,16.285
2025-06-14 22:14:17,BANK JATIM,16.195,16.350
2025-06-14 22:14:17,BCA,16.270,16.330
2025-06-14 22:14:17,BCCBI,16.128,16.378
2025-06-14 22:14:17,BI,16.1558,16.3182
2025-06-14 22:14:17,BJB,16.120,16.420
2025-06-14 22:14:17,BNI,16.170,16.450
2025-06-14 22:14:17,BRI,16.150,16.450
2025-06-14 22:14:17,BTN,1636,1639
2025-06-14 22:14:17,CAPITAL,16.170,16.270
2025-06-14 22:14:17,CIMB,16.291,16.316
2025-06-14 22:14:17,DANAMON,16.205,16.405
2025-06-14 22:14:17,DBS,16.129,16.461
2025-06-14 22:14:17,GANESHA,16.195,16.375
2025-06-14 22:14:17,HSBC,16.060,16.510
2025-06-14 22:14:17,JTRUST,16.230,16.320
2025-06-14 22:14:17,MANDIRI,16.240,16.270
2025-06-14 22:14:17,MASPION,16.073,16.472
2025-06-14 22:14:17,MAYBANK,16.245,16.325
2025-06-14 22:14:17,MEGA,16.063,16.543
2025-06-14 22:14:17,MESTIKA,16.265,16.315
2025-06-14 22:14:17,MNC,16.150,16.300
2025-06-14 22:14:17,NOBU,16.255,16.355
2025-06-14 22:14:17,OCBC,16.148,16.405
2025-06-14 22:14:17,PERDANIA,16.040,16.540
2025-06-14 22:14:17,SBII,16.145,16.480
2025-06-14 22:14:17,SHINHAN,16.099,16.491
2025-06-14 22:14:17,SINARMAS,16.285,16.345
2025-06-14 22:14:17,SMBC,15.920,16.520
2025-06-14 22:14:17,UOB,15.940,16.443
2025-06-14 22:14:17,VICTORIA,16.200,16.310
2025-06-14 22:14:17,WOORISAUDARA,16.200,16.400
2025-06-14 22:19:17,BANK INDEX,16.095,16.285
2025-06-14 22:19:17,BANK JATIM,16.195,16.350
2025-06-14 22:19:17,BCA,16.270,16.330
2025-06-14 22:19:17,BCCBI,16.128,16.378
2025-06-14 22:19:17,BI,16.1558,16.3182
2025-06-14 22:19:17,BJB,16.120,16.420
2025-06-14 22:19:17,BNI,16.170,16.450
2025-06-14 22:19:17,BRI,16.150,16.450
2025-06-14 22:19:17,BTN,1636,1639
2025-06-14 22:19:17,CAPITAL,16.170,16.270
2025-06-14 22:19:17,CIMB,16.291,16.316
2025-06-14 22:19:17,DANAMON,16.205,16.405
2025-06-14 22:19:17,DBS,16.129,16.461
2025-06-14 22:19:17,GANESHA,16.195,16.375
2025-06-14 22:19:17,HSBC,16.060,16.510
2025-06-14 22:19:17,JTRUST,16.230,16.320
2025-06-14 22:19:17,MANDIRI,16.240,16.270
2025-06-14 22:19:17,MASPION,16.073,16.472
2025-06-14 22:19:17,MAYBANK,16.245,16.325
2025-06-14 22:19:17,MEGA,16.063,16.543
2025-06-14 22:19:17,MESTIKA,16.265,16.315
2025-06-14 22:19:17,MNC,16.150,16.300
2025-06-14 22:19:17,NOBU,16.255,16.355
2025-06-14 22:19:17,OCBC,16.148,16.405
2025-06-14 22:19:17,PERDANIA,16.040,16.540
2025-06-14 22:19:17,SBII,16.145,16.480
2025-06-14 22:19:17,SHINHAN,16.099,16.491
2025-06-14 22:19:17,SINARMAS,16.285,16.345
2025-06-14 22:19:17,SMBC,15.920,16.520
2025-06-14 22:19:17,UOB,15.940,16.443
2025-06-14 22:19:17,VICTORIA,16.200,16.310
2025-06-14 22:19:17,WOORISAUDARA,16.200,16.400
2025-06-14 22:24:18,BANK INDEX,16.095,16.285
2025-06-14 22:24:18,BANK JATIM,16.195,16.350
2025-06-14 22:24:18,BCA,16.270,16.330
2025-06-14 22:24:18,BCCBI,16.128,16.378
2025-06-14 22:24:18,BI,16.1558,16.3182
2025-06-14 22:24:18,BJB,16.120,16.420
2025-06-14 22:24:18,BNI,16.170,16.450
2025-06-14 22:24:18,BRI,16.150,16.450
2025-06-14 22:24:18,BTN,1636,1639
2025-06-14 22:24:18,CAPITAL,16.170,16.270
2025-06-14 22:24:18,CIMB,16.291,16.316
2025-06-14 22:24:18,DANAMON,16.205,16.405
2025-06-14 22:24:18,DBS,16.129,16.461
2025-06-14 22:24:18,GANESHA,16.195,16.375
2025-06-14 22:24:18,HSBC,16.060,16.510
2025-06-14 22:24:18,JTRUST,16.230,16.320
2025-06-14 22:24:18,MANDIRI,16.240,16.270
2025-06-14 22:24:18,MASPION,16.073,16.472
2025-06-14 22:24:18,MAYBANK,16.245,16.325
2025-06-14 22:24:18,MEGA,16.063,16.543
2025-06-14 22:24:18,MESTIKA,16.265,16.315
2025-06-14 22:24:18,MNC,16.150,16.300
2025-06-14 22:24:18,NOBU,16.255,16.355
2025-06-14 22:24:18,OCBC,16.148,16.405
2025-06-14 22:24:18,PERDANIA,16.040,16.540
2025-06-14 22:24:18,SBII,16.145,16.480
2025-06-14 22:24:18,SHINHAN,16.099,16.491
2025-06-14 22:24:18,SINARMAS,16.285,16.345
2025-06-14 22:24:18,SMBC,15.920,16.520
2025-06-14 22:24:18,UOB,15.940,16.443
2025-06-14 22:24:18,VICTORIA,16.200,16.310
2025-06-14 22:24:18,WOORISAUDARA,16.200,16.400
2025-06-14 22:29:19,BANK INDEX,16.095,16.285
2025-06-14 22:29:19,BANK JATIM,16.195,16.350
2025-06-14 22:29:19,BCA,16.270,16.330
2025-06-14 22:29:19,BCCBI,16.128,16.378
2025-06-14 22:29:19,BI,16.1558,16.3182
2025-06-14 22:29:19,BJB,16.120,16.420
2025-06-14 22:29:19,BNI,16.170,16.450
2025-06-14 22:29:19,BRI,16.150,16.450
2025-06-14 22:29:19,BTN,1636,1639
2025-06-14 22:29:19,CAPITAL,16.170,16.270
2025-06-14 22:29:19,CIMB,16.291,16.316
2025-06-14 22:29:19,DANAMON,16.205,16.405
2025-06-14 22:29:19,DBS,16.129,16.461
2025-06-14 22:29:19,GANESHA,16.195,16.375
2025-06-14 22:29:19,HSBC,16.060,16.510
2025-06-14 22:29:19,JTRUST,16.230,16.320
2025-06-14 22:29:19,MANDIRI,16.240,16.270
2025-06-14 22:29:19,MASPION,16.073,16.472
2025-06-14 22:29:19,MAYBANK,16.245,16.325
2025-06-14 22:29:19,MEGA,16.063,16.543
2025-06-14 22:29:19,MESTIKA,16.265,16.315
2025-06-14 22:29:19,MNC,16.150,16.300
2025-06-14 22:29:19,NOBU,16.255,16.355
2025-06-14 22:29:19,OCBC,16.148,16.405
2025-06-14 22:29:19,PERDANIA,16.040,16.540
2025-06-14 22:29:19,SBII,16.145,16.480
2025-06-14 22:29:19,SHINHAN,16.099,16.491
2025-06-14 22:29:19,SINARMAS,16.285,16.345
2025-06-14 22:29:19,SMBC,15.920,16.520
2025-06-14 22:29:19,UOB,15.940,16.443
2025-06-14 22:29:19,VICTORIA,16.200,16.310
2025-06-14 22:29:19,WOORISAUDARA,16.200,16.400
2025-06-14 22:34:19,BANK INDEX,16.095,16.285
2025-06-14 22:34:19,BANK JATIM,16.195,16.350
2025-06-14 22:34:19,BCA,16.270,16.330
2025-06-14 22:34:19,BCCBI,16.128,16.378
2025-06-14 22:34:19,BI,16.1558,16.3182
2025-06-14 22:34:19,BJB,16.120,16.420
2025-06-14 22:34:19,BNI,16.170,16.450
2025-06-14 22:34:19,BRI,16.150,16.450
2025-06-14 22:34:19,BTN,1636,1639
2025-06-14 22:34:19,CAPITAL,16.170,16.270
2025-06-14 22:34:19,CIMB,16.291,16.316
2025-06-14 22:34:19,DANAMON,16.205,16.405
2025-06-14 22:34:19,DBS,16.129,16.461
2025-06-14 22:34:19,GANESHA,16.195,16.375
2025-06-14 22:34:19,HSBC,16.060,16.510
2025-06-14 22:34:19,JTRUST,16.230,16.320
2025-06-14 22:34:19,MANDIRI,16.240,16.270
2025-06-14 22:34:19,MASPION,16.073,16.472
2025-06-14 22:34:19,MAYBANK,16.245,16.325
2025-06-14 22:34:19,MEGA,16.063,16.543
2025-06-14 22:34:19,MESTIKA,16.265,16.315
2025-06-14 22:34:19,MNC,16.150,16.300
2025-06-14 22:34:19,NOBU,16.255,16.355
2025-06-14 22:34:19,OCBC,16.148,16.405
2025-06-14 22:34:19,PERDANIA,16.040,16.540
2025-06-14 22:34:19,SBII,16.145,16.480
2025-06-14 22:34:19,SHINHAN,16.099,16.491
2025-06-14 22:34:19,SINARMAS,16.285,16.345
2025-06-14 22:34:19,SMBC,15.920,16.520
2025-06-14 22:34:19,UOB,15.940,16.443
2025-06-14 22:34:19,VICTORIA,16.200,16.310
2025-06-14 22:34:19,WOORISAUDARA,16.200,16.400
2025-06-14 22:39:19,BANK INDEX,16.095,16.285
2025-06-14 22:39:19,BANK JATIM,16.195,16.350
2025-06-14 22:39:19,BCA,16.270,16.330
2025-06-14 22:39:19,BCCBI,16.128,16.378
2025-06-14 22:39:19,BI,16.1558,16.3182
2025-06-14 22:39:19,BJB,16.120,16.420
2025-06-14 22:39:19,BNI,16.170,16.450
2025-06-14 22:39:19,BRI,16.150,16.450
2025-06-14 22:39:19,BTN,1636,1639
2025-06-14 22:39:19,CAPITAL,16.170,16.270
2025-06-14 22:39:19,CIMB,16.291,16.316
2025-06-14 22:39:19,DANAMON,16.205,16.405
2025-06-14 22:39:19,DBS,16.129,16.461
2025-06-14 22:39:19,GANESHA,16.195,16.375
2025-06-14 22:39:19,HSBC,16.060,16.510
2025-06-14 22:39:19,JTRUST,16.230,16.320
2025-06-14 22:39:19,MANDIRI,16.240,16.270
2025-06-14 22:39:19,MASPION,16.073,16.472
2025-06-14 22:39:19,MAYBANK,16.245,16.325
2025-06-14 22:39:19,MEGA,16.063,16.543
2025-06-14 22:39:19,MESTIKA,16.265,16.315
2025-06-14 22:39:19,MNC,16.150,16.300
2025-06-14 22:39:19,NOBU,16.255,16.355
2025-06-14 22:39:19,OCBC,16.148,16.405
2025-06-14 22:39:19,PERDANIA,16.040,16.540
2025-06-14 22:39:19,SBII,16.145,16.480
2025-06-14 22:39:19,SHINHAN,16.099,16.491
2025-06-14 22:39:19,SINARMAS,16.285,16.345
2025-06-14 22:39:19,SMBC,15.920,16.520
2025-06-14 22:39:19,UOB,15.940,16.443
2025-06-14 22:39:19,VICTORIA,16.200,16.310
2025-06-14 22:39:19,WOORISAUDARA,16.200,16.400
2025-06-14 22:44:19,BANK INDEX,16.095,16.285
2025-06-14 22:44:19,BANK JATIM,16.195,16.350
2025-06-14 22:44:19,BCA,16.270,16.330
2025-06-14 22:44:19,BCCBI,16.128,16.378
2025-06-14 22:44:19,BI,16.1558,16.3182
2025-06-14 22:44:19,BJB,16.120,16.420
2025-06-14 22:44:19,BNI,16.170,16.450
2025-06-14 22:44:19,BRI,16.150,16.450
2025-06-14 22:44:19,BTN,1636,1639
2025-06-14 22:44:19,CAPITAL,16.170,16.270
2025-06-14 22:44:19,CIMB,16.291,16.316
2025-06-14 22:44:19,DANAMON,16.205,16.405
2025-06-14 22:44:19,DBS,16.129,16.461
2025-06-14 22:44:19,GANESHA,16.195,16.375
2025-06-14 22:44:19,HSBC,16.060,16.510
2025-06-14 22:44:19,JTRUST,16.230,16.320
2025-06-14 22:44:19,MANDIRI,16.240,16.270
2025-06-14 22:44:19,MASPION,16.073,16.472
2025-06-14 22:44:19,MAYBANK,16.245,16.325
2025-06-14 22:44:19,MEGA,16.063,16.543
2025-06-14 22:44:19,MESTIKA,16.265,16.315
2025-06-14 22:44:19,MNC,16.150,16.300
2025-06-14 22:44:19,NOBU,16.255,16.355
2025-06-14 22:44:19,OCBC,16.148,16.405
2025-06-14 22:44:19,PERDANIA,16.040,16.540
2025-06-14 22:44:19,SBII,16.145,16.480
2025-06-14 22:44:19,SHINHAN,16.099,16.491
2025-06-14 22:44:19,SINARMAS,16.285,16.345
2025-06-14 22:44:19,SMBC,15.920,16.520
2025-06-14 22:44:19,UOB,15.940,16.443
2025-06-14 22:44:19,VICTORIA,16.200,16.310
2025-06-14 22:44:19,WOORISAUDARA,16.200,16.400
